{"cameraMode":{"drawMode":0,"name":"Shaded","section":"Shading Mode"},"sceneLighting":false,"audioPlay":false,"sceneViewState":{"m_AlwaysRefresh":false,"showFog":true,"showSkybox":false,"showFlares":true,"showImageEffects":true,"showParticleSystems":true,"showVisualEffectGraphs":true,"m_FxEnabled":true},"in2DMode":false,"pivot":{"x":0.15196537971496583,"y":0.5329431295394898,"z":-1.5420212745666505},"rotation":{"x":-0.33646079897880556,"y":-0.17871534824371339,"z":0.06519845873117447,"w":-0.9222850799560547},"size":0.3443015217781067,"orthographic":false}